{
  "Questions": [
    {
      "Quiz": "Q.1) What does HTML stand for?",
      "option1": "Hyper Type Markup Language",
      "option2": "Home Tool Markup Language",
      "option3": "Hyper Link and Text Markup Language",
      "option4": "Hyper Text Markup Language",
      "answer": "Hyper Text Markup Language"
    },
    {
      "Quiz": "Q.2) What does CSS stand for?",
      "option1": "Colorful Style Sheets",
      "option2": "Computer Style Sheets",
      "option3": "Creative Style Sheets",
      "option4": "Cascading Style Sheets",
      "answer": "Cascading Style Sheets"
    },
    {
      "Quiz": "Q.3) Which HTML attribute is used to define inline styles?",
      "option1": "Style",
      "option2": "Font",
      "option3": "Class",
      "option4": "Styles",
      "answer": "Style"
    },
    {
      "Quiz": "Q.4) Which is the correct CSS syntax?",
      "option1": "body:color=black;",
      "option2": "{body:color=black;}",
      "option3": "body{color:black;}",
      "option4": "{body;color:black;}",
      "answer": "body{color:black;}"
    },
    {
      "Quiz": "Q.5) What is the correct HTML tag for playing video files?",
      "option1": "media",
      "option2": "movie",
      "option3": "video",
      "option4": "mp4",
      "answer": "video"
    }
  ]
}